product_title,price_sgd,sold_30d,rating,url,platform,seen_at,product_id,match_score
Lattafa Khamrah EDP 100ml,49.53,230,4.12,https://lazada.sg/lattafa-khamrah-edp-100ml,Lazada,2026-06-08,533d4f17db40,100
Lattafa Khamrah EDP 100ml,47.37,234,4.12,https://lazada.sg/lattafa-khamrah-edp-100ml,Lazada,2026-06-15,533d4f17db40,100
Lattafa Khamrah EDP 100ml,47.34,252,4.12,https://lazada.sg/lattafa-khamrah-edp-100ml,Lazada,2026-06-22,533d4f17db40,100
Lattafa Khamrah EDP 100ml,48.47,222,4.12,https://lazada.sg/lattafa-khamrah-edp-100ml,Lazada,2026-06-29,533d4f17db40,100
Lattafa Khamrah EDP 100ml [SG Stock],45.85,121,4.34,https://shopee.sg/lattafa-khamrah-edp-100ml,Shopee,2026-06-08,533d4f17db40,100
Lattafa Khamrah EDP 100ml [SG Stock],44.96,171,4.34,https://shopee.sg/lattafa-khamrah-edp-100ml,Shopee,2026-06-15,533d4f17db40,100
Lattafa Khamrah EDP 100ml [SG Stock],47.86,156,4.34,https://shopee.sg/lattafa-khamrah-edp-100ml,Shopee,2026-06-22,533d4f17db40,100
Lattafa Khamrah EDP 100ml [SG Stock],45.5,172,4.34,https://shopee.sg/lattafa-khamrah-edp-100ml,Shopee,2026-06-29,533d4f17db40,100
Lattafa Asad EDP 100ml Original,46.51,321,4.18,https://lazada.sg/lattafa-asad-edp-100ml,Lazada,2026-06-08,55212edf54e5,100
Lattafa Asad EDP 100ml Original,44.01,301,4.18,https://lazada.sg/lattafa-asad-edp-100ml,Lazada,2026-06-15,55212edf54e5,100
Lattafa Asad EDP 100ml Original,45.35,284,4.18,https://lazada.sg/lattafa-asad-edp-100ml,Lazada,2026-06-22,55212edf54e5,100
Lattafa Asad EDP 100ml Original,46.34,360,4.18,https://lazada.sg/lattafa-asad-edp-100ml,Lazada,2026-06-29,55212edf54e5,100
Lattafa Asad EDP 100ml [SG Stock],43.36,266,4.45,https://shopee.sg/lattafa-asad-edp-100ml,Shopee,2026-06-08,55212edf54e5,100
Lattafa Asad EDP 100ml [SG Stock],43.43,215,4.45,https://shopee.sg/lattafa-asad-edp-100ml,Shopee,2026-06-15,55212edf54e5,100
Lattafa Asad EDP 100ml [SG Stock],42.64,210,4.45,https://shopee.sg/lattafa-asad-edp-100ml,Shopee,2026-06-22,55212edf54e5,100
Lattafa Asad EDP 100ml [SG Stock],42.9,240,4.45,https://shopee.sg/lattafa-asad-edp-100ml,Shopee,2026-06-29,55212edf54e5,100
Lattafa Yara EDP 100ml Original,34.05,150,4.24,https://shopee.sg/lattafa-yara-edp-100ml,Shopee,2026-06-08,06500acad195,100
Lattafa Yara EDP 100ml Original,34.08,129,4.24,https://shopee.sg/lattafa-yara-edp-100ml,Shopee,2026-06-15,06500acad195,100
Lattafa Yara EDP 100ml Original,35.06,158,4.24,https://shopee.sg/lattafa-yara-edp-100ml,Shopee,2026-06-22,06500acad195,100
Lattafa Yara EDP 100ml Original,34.59,133,4.24,https://shopee.sg/lattafa-yara-edp-100ml,Shopee,2026-06-29,06500acad195,100
Lattafa Yara EDP 100ml [SG Stock],36.76,389,4.49,https://lazada.sg/lattafa-yara-edp-100ml,Lazada,2026-06-08,06500acad195,100
Lattafa Yara EDP 100ml [SG Stock],35.45,343,4.49,https://lazada.sg/lattafa-yara-edp-100ml,Lazada,2026-06-15,06500acad195,100
Lattafa Yara EDP 100ml [SG Stock],35.05,382,4.49,https://lazada.sg/lattafa-yara-edp-100ml,Lazada,2026-06-22,06500acad195,100
Lattafa Yara EDP 100ml [SG Stock],35.35,306,4.49,https://lazada.sg/lattafa-yara-edp-100ml,Lazada,2026-06-29,06500acad195,100
Lattafa Raghba EDP 100ml,29.7,84,4.54,https://lazada.sg/lattafa-raghba-edp-100ml,Lazada,2026-06-08,0449f8ebf405,100
Lattafa Raghba EDP 100ml,30.12,84,4.54,https://lazada.sg/lattafa-raghba-edp-100ml,Lazada,2026-06-15,0449f8ebf405,100
Lattafa Raghba EDP 100ml,31.2,87,4.54,https://lazada.sg/lattafa-raghba-edp-100ml,Lazada,2026-06-22,0449f8ebf405,100
Lattafa Raghba EDP 100ml,29.7,92,4.54,https://lazada.sg/lattafa-raghba-edp-100ml,Lazada,2026-06-29,0449f8ebf405,100
Lattafa Raghba EDP 100ml Original,27.85,111,4.13,https://carousell.sg/lattafa-raghba-edp-100ml,Carousell,2026-06-08,0449f8ebf405,100
Lattafa Raghba EDP 100ml Original,28.45,132,4.13,https://carousell.sg/lattafa-raghba-edp-100ml,Carousell,2026-06-15,0449f8ebf405,100
Lattafa Raghba EDP 100ml Original,27.33,139,4.13,https://carousell.sg/lattafa-raghba-edp-100ml,Carousell,2026-06-22,0449f8ebf405,100
Lattafa Raghba EDP 100ml Original,27.27,118,4.13,https://carousell.sg/lattafa-raghba-edp-100ml,Carousell,2026-06-29,0449f8ebf405,100
Lattafa Raghba EDP 50ml,24.36,10,4.89,https://carousell.sg/lattafa-raghba-edp-50ml,Carousell,2026-06-08,db95d7c3ebe2,100
Lattafa Raghba EDP 50ml,24.64,9,4.89,https://carousell.sg/lattafa-raghba-edp-50ml,Carousell,2026-06-15,db95d7c3ebe2,100
Lattafa Raghba EDP 50ml,23.54,9,4.89,https://carousell.sg/lattafa-raghba-edp-50ml,Carousell,2026-06-22,db95d7c3ebe2,100
Lattafa Raghba EDP 50ml,24.2,8,4.89,https://carousell.sg/lattafa-raghba-edp-50ml,Carousell,2026-06-29,db95d7c3ebe2,100
Lattafa Raghba EDP 50ml [SG Stock],24.68,31,4.18,https://shopee.sg/lattafa-raghba-edp-50ml,Shopee,2026-06-08,db95d7c3ebe2,100
Lattafa Raghba EDP 50ml [SG Stock],24.63,22,4.18,https://shopee.sg/lattafa-raghba-edp-50ml,Shopee,2026-06-15,db95d7c3ebe2,100
Lattafa Raghba EDP 50ml [SG Stock],25.81,23,4.18,https://shopee.sg/lattafa-raghba-edp-50ml,Shopee,2026-06-22,db95d7c3ebe2,100
Lattafa Raghba EDP 50ml [SG Stock],24.51,28,4.18,https://shopee.sg/lattafa-raghba-edp-50ml,Shopee,2026-06-29,db95d7c3ebe2,100
Lattafa Raghba EDP 50ml,26.01,25,4.8,https://lazada.sg/lattafa-raghba-edp-50ml,Lazada,2026-06-08,db95d7c3ebe2,100
Lattafa Raghba EDP 50ml,27.39,23,4.8,https://lazada.sg/lattafa-raghba-edp-50ml,Lazada,2026-06-15,db95d7c3ebe2,100
Lattafa Raghba EDP 50ml,25.66,18,4.8,https://lazada.sg/lattafa-raghba-edp-50ml,Lazada,2026-06-22,db95d7c3ebe2,100
Lattafa Raghba EDP 50ml,25.84,19,4.8,https://lazada.sg/lattafa-raghba-edp-50ml,Lazada,2026-06-29,db95d7c3ebe2,100
Lattafa Ana Abiyedh EDP 60ml,32.2,121,4.51,https://lazada.sg/lattafa-ana-abiyedh-edp-60ml,Lazada,2026-06-08,a23cef909263,100
Lattafa Ana Abiyedh EDP 60ml,30.95,132,4.51,https://lazada.sg/lattafa-ana-abiyedh-edp-60ml,Lazada,2026-06-15,a23cef909263,100
Lattafa Ana Abiyedh EDP 60ml,32.25,129,4.51,https://lazada.sg/lattafa-ana-abiyedh-edp-60ml,Lazada,2026-06-22,a23cef909263,100
Lattafa Ana Abiyedh EDP 60ml,30.78,100,4.51,https://lazada.sg/lattafa-ana-abiyedh-edp-60ml,Lazada,2026-06-29,a23cef909263,100
Lattafa Oud For Glory EDP 100ml Original,50.54,133,4.63,https://shopee.sg/lattafa-oud-for-glory-edp-100ml,Shopee,2026-06-08,b664e8713099,100
Lattafa Oud For Glory EDP 100ml Original,49.47,116,4.63,https://shopee.sg/lattafa-oud-for-glory-edp-100ml,Shopee,2026-06-15,b664e8713099,100
Lattafa Oud For Glory EDP 100ml Original,51.95,96,4.63,https://shopee.sg/lattafa-oud-for-glory-edp-100ml,Shopee,2026-06-22,b664e8713099,100
Lattafa Oud For Glory EDP 100ml Original,49.94,110,4.63,https://shopee.sg/lattafa-oud-for-glory-edp-100ml,Shopee,2026-06-29,b664e8713099,100
Lattafa Oud For Glory EDP 100ml,55.83,130,4.87,https://lazada.sg/lattafa-oud-for-glory-edp-100ml,Lazada,2026-06-08,b664e8713099,100
Lattafa Oud For Glory EDP 100ml,53.84,129,4.87,https://lazada.sg/lattafa-oud-for-glory-edp-100ml,Lazada,2026-06-15,b664e8713099,100
Lattafa Oud For Glory EDP 100ml,51.92,97,4.87,https://lazada.sg/lattafa-oud-for-glory-edp-100ml,Lazada,2026-06-22,b664e8713099,100
Lattafa Oud For Glory EDP 100ml,55.39,129,4.87,https://lazada.sg/lattafa-oud-for-glory-edp-100ml,Lazada,2026-06-29,b664e8713099,100
Lattafa Khamrah Qahwa EDP 100ml Ready Stock,47.04,362,4.58,https://shopee.sg/lattafa-khamrah-qahwa-edp-100ml,Shopee,2026-06-08,3fe1f0b5199c,100
Lattafa Khamrah Qahwa EDP 100ml Ready Stock,47.09,405,4.58,https://shopee.sg/lattafa-khamrah-qahwa-edp-100ml,Shopee,2026-06-15,3fe1f0b5199c,100
Lattafa Khamrah Qahwa EDP 100ml Ready Stock,48.75,374,4.58,https://shopee.sg/lattafa-khamrah-qahwa-edp-100ml,Shopee,2026-06-22,3fe1f0b5199c,100
Lattafa Khamrah Qahwa EDP 100ml Ready Stock,46.42,341,4.58,https://shopee.sg/lattafa-khamrah-qahwa-edp-100ml,Shopee,2026-06-29,3fe1f0b5199c,100
Lattafa Khamrah Qahwa EDP 100ml [SG Stock],48.18,329,4.75,https://lazada.sg/lattafa-khamrah-qahwa-edp-100ml,Lazada,2026-06-08,3fe1f0b5199c,100
Lattafa Khamrah Qahwa EDP 100ml [SG Stock],50.11,342,4.75,https://lazada.sg/lattafa-khamrah-qahwa-edp-100ml,Lazada,2026-06-15,3fe1f0b5199c,100
Lattafa Khamrah Qahwa EDP 100ml [SG Stock],51.02,368,4.75,https://lazada.sg/lattafa-khamrah-qahwa-edp-100ml,Lazada,2026-06-22,3fe1f0b5199c,100
Lattafa Khamrah Qahwa EDP 100ml [SG Stock],48.33,466,4.75,https://lazada.sg/lattafa-khamrah-qahwa-edp-100ml,Lazada,2026-06-29,3fe1f0b5199c,100
Lattafa Amethyst EDP 100ml [SG Stock],40.24,36,4.12,https://shopee.sg/lattafa-amethyst-edp-100ml,Shopee,2026-06-08,fdae514eeb1e,100
Lattafa Amethyst EDP 100ml [SG Stock],41.61,48,4.12,https://shopee.sg/lattafa-amethyst-edp-100ml,Shopee,2026-06-15,fdae514eeb1e,100
Lattafa Amethyst EDP 100ml [SG Stock],40.96,41,4.12,https://shopee.sg/lattafa-amethyst-edp-100ml,Shopee,2026-06-22,fdae514eeb1e,100
Lattafa Amethyst EDP 100ml [SG Stock],41.32,51,4.12,https://shopee.sg/lattafa-amethyst-edp-100ml,Shopee,2026-06-29,fdae514eeb1e,100
Lattafa Amethyst EDP 100ml for Men,42.28,31,4.78,https://lazada.sg/lattafa-amethyst-edp-100ml,Lazada,2026-06-08,fdae514eeb1e,100
Lattafa Amethyst EDP 100ml for Men,42.51,35,4.78,https://lazada.sg/lattafa-amethyst-edp-100ml,Lazada,2026-06-15,fdae514eeb1e,100
Lattafa Amethyst EDP 100ml for Men,43.09,28,4.78,https://lazada.sg/lattafa-amethyst-edp-100ml,Lazada,2026-06-22,fdae514eeb1e,100
Lattafa Amethyst EDP 100ml for Men,42.94,35,4.78,https://lazada.sg/lattafa-amethyst-edp-100ml,Lazada,2026-06-29,fdae514eeb1e,100
Lattafa Fakhar EDP 100ml Ready Stock,37.48,31,4.14,https://shopee.sg/lattafa-fakhar-edp-100ml,Shopee,2026-06-08,2e8736d2745c,100
Lattafa Fakhar EDP 100ml Ready Stock,37.25,44,4.14,https://shopee.sg/lattafa-fakhar-edp-100ml,Shopee,2026-06-15,2e8736d2745c,100
Lattafa Fakhar EDP 100ml Ready Stock,37.64,42,4.14,https://shopee.sg/lattafa-fakhar-edp-100ml,Shopee,2026-06-22,2e8736d2745c,100
Lattafa Fakhar EDP 100ml Ready Stock,37.06,40,4.14,https://shopee.sg/lattafa-fakhar-edp-100ml,Shopee,2026-06-29,2e8736d2745c,100
Lattafa Ajwad EDP 60ml Ready Stock,27.92,25,4.79,https://shopee.sg/lattafa-ajwad-edp-60ml,Shopee,2026-06-08,d26c6e46b5b2,100
Lattafa Ajwad EDP 60ml Ready Stock,27.66,20,4.79,https://shopee.sg/lattafa-ajwad-edp-60ml,Shopee,2026-06-15,d26c6e46b5b2,100
Lattafa Ajwad EDP 60ml Ready Stock,28.13,23,4.79,https://shopee.sg/lattafa-ajwad-edp-60ml,Shopee,2026-06-22,d26c6e46b5b2,100
Lattafa Ajwad EDP 60ml Ready Stock,27.58,22,4.79,https://shopee.sg/lattafa-ajwad-edp-60ml,Shopee,2026-06-29,d26c6e46b5b2,100
Lattafa Ajwad EDP 60ml [SG Stock],29.31,16,4.39,https://lazada.sg/lattafa-ajwad-edp-60ml,Lazada,2026-06-08,d26c6e46b5b2,100
Lattafa Ajwad EDP 60ml [SG Stock],29.11,17,4.39,https://lazada.sg/lattafa-ajwad-edp-60ml,Lazada,2026-06-15,d26c6e46b5b2,100
Lattafa Ajwad EDP 60ml [SG Stock],30.56,14,4.39,https://lazada.sg/lattafa-ajwad-edp-60ml,Lazada,2026-06-22,d26c6e46b5b2,100
Lattafa Ajwad EDP 60ml [SG Stock],29.19,15,4.39,https://lazada.sg/lattafa-ajwad-edp-60ml,Lazada,2026-06-29,d26c6e46b5b2,100
Lattafa Yara Candy EDP 100ml for Men,37.11,77,4.74,https://lazada.sg/lattafa-yara-candy-edp-100ml,Lazada,2026-06-08,9f81d234636b,100
Lattafa Yara Candy EDP 100ml for Men,36.39,80,4.74,https://lazada.sg/lattafa-yara-candy-edp-100ml,Lazada,2026-06-15,9f81d234636b,100
Lattafa Yara Candy EDP 100ml for Men,36.14,79,4.74,https://lazada.sg/lattafa-yara-candy-edp-100ml,Lazada,2026-06-22,9f81d234636b,100
Lattafa Yara Candy EDP 100ml for Men,38.07,63,4.74,https://lazada.sg/lattafa-yara-candy-edp-100ml,Lazada,2026-06-29,9f81d234636b,100
Rasasi Hawas EDP 100ml Ready Stock,64.01,88,4.21,https://shopee.sg/rasasi-hawas-edp-100ml,Shopee,2026-06-08,2d9358dbcd22,100
Rasasi Hawas EDP 100ml Ready Stock,63.92,95,4.21,https://shopee.sg/rasasi-hawas-edp-100ml,Shopee,2026-06-15,2d9358dbcd22,100
Rasasi Hawas EDP 100ml Ready Stock,64.73,76,4.21,https://shopee.sg/rasasi-hawas-edp-100ml,Shopee,2026-06-22,2d9358dbcd22,100
Rasasi Hawas EDP 100ml Ready Stock,62.97,71,4.21,https://shopee.sg/rasasi-hawas-edp-100ml,Shopee,2026-06-29,2d9358dbcd22,100
Rasasi Hawas EDP 100ml Original,65.98,120,4.59,https://lazada.sg/rasasi-hawas-edp-100ml,Lazada,2026-06-08,2d9358dbcd22,100
Rasasi Hawas EDP 100ml Original,65.47,118,4.59,https://lazada.sg/rasasi-hawas-edp-100ml,Lazada,2026-06-15,2d9358dbcd22,100
Rasasi Hawas EDP 100ml Original,67.02,131,4.59,https://lazada.sg/rasasi-hawas-edp-100ml,Lazada,2026-06-22,2d9358dbcd22,100
Rasasi Hawas EDP 100ml Original,65.6,121,4.59,https://lazada.sg/rasasi-hawas-edp-100ml,Lazada,2026-06-29,2d9358dbcd22,100
Rasasi Hawas EDP 100ml Ready Stock,57.59,37,4.84,https://carousell.sg/rasasi-hawas-edp-100ml,Carousell,2026-06-08,2d9358dbcd22,100
Rasasi Hawas EDP 100ml Ready Stock,60.14,43,4.84,https://carousell.sg/rasasi-hawas-edp-100ml,Carousell,2026-06-15,2d9358dbcd22,100
Rasasi Hawas EDP 100ml Ready Stock,60.68,48,4.84,https://carousell.sg/rasasi-hawas-edp-100ml,Carousell,2026-06-22,2d9358dbcd22,100
Rasasi Hawas EDP 100ml Ready Stock,58.61,52,4.84,https://carousell.sg/rasasi-hawas-edp-100ml,Carousell,2026-06-29,2d9358dbcd22,100
Rasasi Hawas Ice EDP 100ml Original,61.65,75,4.39,https://lazada.sg/rasasi-hawas-ice-edp-100ml,Lazada,2026-06-08,84c897fc9df8,100
Rasasi Hawas Ice EDP 100ml Original,60.82,102,4.39,https://lazada.sg/rasasi-hawas-ice-edp-100ml,Lazada,2026-06-15,84c897fc9df8,100
Rasasi Hawas Ice EDP 100ml Original,62.26,82,4.39,https://lazada.sg/rasasi-hawas-ice-edp-100ml,Lazada,2026-06-22,84c897fc9df8,100
Rasasi Hawas Ice EDP 100ml Original,63.71,88,4.39,https://lazada.sg/rasasi-hawas-ice-edp-100ml,Lazada,2026-06-29,84c897fc9df8,100
Rasasi Shuhrah EDP 90ml Ready Stock,45.25,33,4.67,https://lazada.sg/rasasi-shuhrah-edp-90ml,Lazada,2026-06-08,a07501b2b9e9,100
Rasasi Shuhrah EDP 90ml Ready Stock,47.17,24,4.67,https://lazada.sg/rasasi-shuhrah-edp-90ml,Lazada,2026-06-15,a07501b2b9e9,100
Rasasi Shuhrah EDP 90ml Ready Stock,46.99,31,4.67,https://lazada.sg/rasasi-shuhrah-edp-90ml,Lazada,2026-06-22,a07501b2b9e9,100
Rasasi Shuhrah EDP 90ml Ready Stock,44.86,28,4.67,https://lazada.sg/rasasi-shuhrah-edp-90ml,Lazada,2026-06-29,a07501b2b9e9,100
Rasasi Shuhrah EDP 90ml Authentic,44.29,28,4.76,https://shopee.sg/rasasi-shuhrah-edp-90ml,Shopee,2026-06-08,a07501b2b9e9,100
Rasasi Shuhrah EDP 90ml Authentic,43.74,33,4.76,https://shopee.sg/rasasi-shuhrah-edp-90ml,Shopee,2026-06-15,a07501b2b9e9,100
Rasasi Shuhrah EDP 90ml Authentic,45.43,24,4.76,https://shopee.sg/rasasi-shuhrah-edp-90ml,Shopee,2026-06-22,a07501b2b9e9,100
Rasasi Shuhrah EDP 90ml Authentic,46.19,33,4.76,https://shopee.sg/rasasi-shuhrah-edp-90ml,Shopee,2026-06-29,a07501b2b9e9,100
Rasasi Shuhrah EDP 90ml [SG Stock],40.9,11,4.33,https://carousell.sg/rasasi-shuhrah-edp-90ml,Carousell,2026-06-08,a07501b2b9e9,100
Rasasi Shuhrah EDP 90ml [SG Stock],42.77,10,4.33,https://carousell.sg/rasasi-shuhrah-edp-90ml,Carousell,2026-06-15,a07501b2b9e9,100
Rasasi Shuhrah EDP 90ml [SG Stock],40.85,11,4.33,https://carousell.sg/rasasi-shuhrah-edp-90ml,Carousell,2026-06-22,a07501b2b9e9,100
Rasasi Shuhrah EDP 90ml [SG Stock],40.64,8,4.33,https://carousell.sg/rasasi-shuhrah-edp-90ml,Carousell,2026-06-29,a07501b2b9e9,100
Rasasi La Yuqawam EDP 75ml for Men,65.99,8,4.13,https://shopee.sg/rasasi-la-yuqawam-edp-75ml,Shopee,2026-06-08,64fdc0c074ea,100
Rasasi La Yuqawam EDP 75ml for Men,69.26,11,4.13,https://shopee.sg/rasasi-la-yuqawam-edp-75ml,Shopee,2026-06-15,64fdc0c074ea,100
Rasasi La Yuqawam EDP 75ml for Men,67.26,11,4.13,https://shopee.sg/rasasi-la-yuqawam-edp-75ml,Shopee,2026-06-22,64fdc0c074ea,100
Rasasi La Yuqawam EDP 75ml for Men,66.27,11,4.13,https://shopee.sg/rasasi-la-yuqawam-edp-75ml,Shopee,2026-06-29,64fdc0c074ea,100
Rasasi La Yuqawam EDP 75ml Ready Stock,73.25,34,4.72,https://lazada.sg/rasasi-la-yuqawam-edp-75ml,Lazada,2026-06-08,64fdc0c074ea,100
Rasasi La Yuqawam EDP 75ml Ready Stock,69.49,26,4.72,https://lazada.sg/rasasi-la-yuqawam-edp-75ml,Lazada,2026-06-15,64fdc0c074ea,100
Rasasi La Yuqawam EDP 75ml Ready Stock,69.97,30,4.72,https://lazada.sg/rasasi-la-yuqawam-edp-75ml,Lazada,2026-06-22,64fdc0c074ea,100
Rasasi La Yuqawam EDP 75ml Ready Stock,73.51,31,4.72,https://lazada.sg/rasasi-la-yuqawam-edp-75ml,Lazada,2026-06-29,64fdc0c074ea,100
Rasasi La Yuqawam EDP 75ml Ready Stock,66.46,3,4.22,https://carousell.sg/rasasi-la-yuqawam-edp-75ml,Carousell,2026-06-08,64fdc0c074ea,100
Rasasi La Yuqawam EDP 75ml Ready Stock,64.06,4,4.22,https://carousell.sg/rasasi-la-yuqawam-edp-75ml,Carousell,2026-06-15,64fdc0c074ea,100
Rasasi La Yuqawam EDP 75ml Ready Stock,67.73,4,4.22,https://carousell.sg/rasasi-la-yuqawam-edp-75ml,Carousell,2026-06-22,64fdc0c074ea,100
Rasasi La Yuqawam EDP 75ml Ready Stock,62.94,4,4.22,https://carousell.sg/rasasi-la-yuqawam-edp-75ml,Carousell,2026-06-29,64fdc0c074ea,100
Rasasi Hatem Al Oud EDP 100ml Authentic,45.4,2,4.67,https://carousell.sg/rasasi-hatem-al-oud-edp-100ml,Carousell,2026-06-08,f7cbaf80d073,100
Rasasi Hatem Al Oud EDP 100ml Authentic,48.7,2,4.67,https://carousell.sg/rasasi-hatem-al-oud-edp-100ml,Carousell,2026-06-15,f7cbaf80d073,100
Rasasi Hatem Al Oud EDP 100ml Authentic,47.98,3,4.67,https://carousell.sg/rasasi-hatem-al-oud-edp-100ml,Carousell,2026-06-22,f7cbaf80d073,100
Rasasi Hatem Al Oud EDP 100ml Authentic,47.19,2,4.67,https://carousell.sg/rasasi-hatem-al-oud-edp-100ml,Carousell,2026-06-29,f7cbaf80d073,100
Rasasi Aseel Parfum 40ml Original,31.19,18,4.56,https://carousell.sg/rasasi-aseel-parfum-40ml,Carousell,2026-06-08,bfff0801f223,100
Rasasi Aseel Parfum 40ml Original,31.78,14,4.56,https://carousell.sg/rasasi-aseel-parfum-40ml,Carousell,2026-06-15,bfff0801f223,100
Rasasi Aseel Parfum 40ml Original,30.72,16,4.56,https://carousell.sg/rasasi-aseel-parfum-40ml,Carousell,2026-06-22,bfff0801f223,100
Rasasi Aseel Parfum 40ml Original,30.64,14,4.56,https://carousell.sg/rasasi-aseel-parfum-40ml,Carousell,2026-06-29,bfff0801f223,100
Rasasi Daarej EDP 100ml Ready Stock,37.53,38,4.43,https://shopee.sg/rasasi-daarej-edp-100ml,Shopee,2026-06-08,dac03fce2d67,100
Rasasi Daarej EDP 100ml Ready Stock,35.9,40,4.43,https://shopee.sg/rasasi-daarej-edp-100ml,Shopee,2026-06-15,dac03fce2d67,100
Rasasi Daarej EDP 100ml Ready Stock,37.19,37,4.43,https://shopee.sg/rasasi-daarej-edp-100ml,Shopee,2026-06-22,dac03fce2d67,100
Rasasi Daarej EDP 100ml Ready Stock,37.48,43,4.43,https://shopee.sg/rasasi-daarej-edp-100ml,Shopee,2026-06-29,dac03fce2d67,100
Rasasi Daarej EDP 100ml for Men,39.6,45,4.66,https://lazada.sg/rasasi-daarej-edp-100ml,Lazada,2026-06-08,dac03fce2d67,100
Rasasi Daarej EDP 100ml for Men,40.02,49,4.66,https://lazada.sg/rasasi-daarej-edp-100ml,Lazada,2026-06-15,dac03fce2d67,100
Rasasi Daarej EDP 100ml for Men,38.92,51,4.66,https://lazada.sg/rasasi-daarej-edp-100ml,Lazada,2026-06-22,dac03fce2d67,100
Rasasi Daarej EDP 100ml for Men,38.7,49,4.66,https://lazada.sg/rasasi-daarej-edp-100ml,Lazada,2026-06-29,dac03fce2d67,100
Rasasi Daarej EDP 100ml for Men,36.59,88,4.69,https://carousell.sg/rasasi-daarej-edp-100ml,Carousell,2026-06-08,dac03fce2d67,100
Rasasi Daarej EDP 100ml for Men,35.46,98,4.69,https://carousell.sg/rasasi-daarej-edp-100ml,Carousell,2026-06-15,dac03fce2d67,100
Rasasi Daarej EDP 100ml for Men,34.89,99,4.69,https://carousell.sg/rasasi-daarej-edp-100ml,Carousell,2026-06-22,dac03fce2d67,100
Rasasi Daarej EDP 100ml for Men,35.39,74,4.69,https://carousell.sg/rasasi-daarej-edp-100ml,Carousell,2026-06-29,dac03fce2d67,100
Rasasi Rumz Al Rasasi 9453 EDP 50ml Authentic,29.85,19,4.24,https://shopee.sg/rasasi-rumz-al-rasasi-9453-edp-50ml,Shopee,2026-06-08,5a4d06d56026,100
Rasasi Rumz Al Rasasi 9453 EDP 50ml Authentic,29.14,20,4.24,https://shopee.sg/rasasi-rumz-al-rasasi-9453-edp-50ml,Shopee,2026-06-15,5a4d06d56026,100
Rasasi Rumz Al Rasasi 9453 EDP 50ml Authentic,31.16,17,4.24,https://shopee.sg/rasasi-rumz-al-rasasi-9453-edp-50ml,Shopee,2026-06-22,5a4d06d56026,100
Rasasi Rumz Al Rasasi 9453 EDP 50ml Authentic,29.47,18,4.24,https://shopee.sg/rasasi-rumz-al-rasasi-9453-edp-50ml,Shopee,2026-06-29,5a4d06d56026,100
Rasasi Rumz Al Rasasi 9453 EDP 50ml,32.97,25,4.39,https://lazada.sg/rasasi-rumz-al-rasasi-9453-edp-50ml,Lazada,2026-06-08,5a4d06d56026,100
Rasasi Rumz Al Rasasi 9453 EDP 50ml,32.5,19,4.39,https://lazada.sg/rasasi-rumz-al-rasasi-9453-edp-50ml,Lazada,2026-06-15,5a4d06d56026,100
Rasasi Rumz Al Rasasi 9453 EDP 50ml,32.29,22,4.39,https://lazada.sg/rasasi-rumz-al-rasasi-9453-edp-50ml,Lazada,2026-06-22,5a4d06d56026,100
Rasasi Rumz Al Rasasi 9453 EDP 50ml,31.53,22,4.39,https://lazada.sg/rasasi-rumz-al-rasasi-9453-edp-50ml,Lazada,2026-06-29,5a4d06d56026,100
Rasasi Rumz Al Rasasi 9453 EDP 50ml,28.84,9,4.27,https://carousell.sg/rasasi-rumz-al-rasasi-9453-edp-50ml,Carousell,2026-06-08,5a4d06d56026,100
Rasasi Rumz Al Rasasi 9453 EDP 50ml,28.02,12,4.27,https://carousell.sg/rasasi-rumz-al-rasasi-9453-edp-50ml,Carousell,2026-06-15,5a4d06d56026,100
Rasasi Rumz Al Rasasi 9453 EDP 50ml,29.9,11,4.27,https://carousell.sg/rasasi-rumz-al-rasasi-9453-edp-50ml,Carousell,2026-06-22,5a4d06d56026,100
Rasasi Rumz Al Rasasi 9453 EDP 50ml,29.56,13,4.27,https://carousell.sg/rasasi-rumz-al-rasasi-9453-edp-50ml,Carousell,2026-06-29,5a4d06d56026,100
Afnan 9PM EDP 100ml,37.48,136,4.7,https://shopee.sg/afnan-9pm-edp-100ml,Shopee,2026-06-08,0492df35191e,100
Afnan 9PM EDP 100ml,36.62,184,4.7,https://shopee.sg/afnan-9pm-edp-100ml,Shopee,2026-06-15,0492df35191e,100
Afnan 9PM EDP 100ml,36.22,142,4.7,https://shopee.sg/afnan-9pm-edp-100ml,Shopee,2026-06-22,0492df35191e,100
Afnan 9PM EDP 100ml,36.95,158,4.7,https://shopee.sg/afnan-9pm-edp-100ml,Shopee,2026-06-29,0492df35191e,100
Afnan 9PM EDP 100ml [SG Stock],38.15,216,4.57,https://lazada.sg/afnan-9pm-edp-100ml,Lazada,2026-06-08,0492df35191e,100
Afnan 9PM EDP 100ml [SG Stock],40.52,254,4.57,https://lazada.sg/afnan-9pm-edp-100ml,Lazada,2026-06-15,0492df35191e,100
Afnan 9PM EDP 100ml [SG Stock],39.92,257,4.57,https://lazada.sg/afnan-9pm-edp-100ml,Lazada,2026-06-22,0492df35191e,100
Afnan 9PM EDP 100ml [SG Stock],40.27,198,4.57,https://lazada.sg/afnan-9pm-edp-100ml,Lazada,2026-06-29,0492df35191e,100
Afnan 9PM Dive EDP 100ml Ready Stock,37.13,130,4.49,https://shopee.sg/afnan-9pm-dive-edp-100ml,Shopee,2026-06-08,4a09c55f15e7,100
Afnan 9PM Dive EDP 100ml Ready Stock,36.37,132,4.49,https://shopee.sg/afnan-9pm-dive-edp-100ml,Shopee,2026-06-15,4a09c55f15e7,100
Afnan 9PM Dive EDP 100ml Ready Stock,36.61,129,4.49,https://shopee.sg/afnan-9pm-dive-edp-100ml,Shopee,2026-06-22,4a09c55f15e7,100
Afnan 9PM Dive EDP 100ml Ready Stock,35.9,113,4.49,https://shopee.sg/afnan-9pm-dive-edp-100ml,Shopee,2026-06-29,4a09c55f15e7,100
Afnan 9PM Dive EDP 100ml for Men,37.87,124,4.18,https://lazada.sg/afnan-9pm-dive-edp-100ml,Lazada,2026-06-08,4a09c55f15e7,100
Afnan 9PM Dive EDP 100ml for Men,38.57,93,4.18,https://lazada.sg/afnan-9pm-dive-edp-100ml,Lazada,2026-06-15,4a09c55f15e7,100
Afnan 9PM Dive EDP 100ml for Men,37.69,93,4.18,https://lazada.sg/afnan-9pm-dive-edp-100ml,Lazada,2026-06-22,4a09c55f15e7,100
Afnan 9PM Dive EDP 100ml for Men,36.74,125,4.18,https://lazada.sg/afnan-9pm-dive-edp-100ml,Lazada,2026-06-29,4a09c55f15e7,100
Afnan Supremacy Silver EDP 100ml for Men,34.6,73,4.66,https://shopee.sg/afnan-supremacy-silver-edp-100ml,Shopee,2026-06-08,c43bc252a09a,100
Afnan Supremacy Silver EDP 100ml for Men,33.27,77,4.66,https://shopee.sg/afnan-supremacy-silver-edp-100ml,Shopee,2026-06-15,c43bc252a09a,100
Afnan Supremacy Silver EDP 100ml for Men,34.39,76,4.66,https://shopee.sg/afnan-supremacy-silver-edp-100ml,Shopee,2026-06-22,c43bc252a09a,100
Afnan Supremacy Silver EDP 100ml for Men,34.55,77,4.66,https://shopee.sg/afnan-supremacy-silver-edp-100ml,Shopee,2026-06-29,c43bc252a09a,100
Afnan Supremacy Silver EDP 100ml,35.64,84,4.79,https://lazada.sg/afnan-supremacy-silver-edp-100ml,Lazada,2026-06-08,c43bc252a09a,100
Afnan Supremacy Silver EDP 100ml,35.14,92,4.79,https://lazada.sg/afnan-supremacy-silver-edp-100ml,Lazada,2026-06-15,c43bc252a09a,100
Afnan Supremacy Silver EDP 100ml,36.3,103,4.79,https://lazada.sg/afnan-supremacy-silver-edp-100ml,Lazada,2026-06-22,c43bc252a09a,100
Afnan Supremacy Silver EDP 100ml,34.41,95,4.79,https://lazada.sg/afnan-supremacy-silver-edp-100ml,Lazada,2026-06-29,c43bc252a09a,100
Afnan Supremacy Silver EDP 100ml for Men,30.72,32,4.7,https://carousell.sg/afnan-supremacy-silver-edp-100ml,Carousell,2026-06-08,c43bc252a09a,100
Afnan Supremacy Silver EDP 100ml for Men,32.36,39,4.7,https://carousell.sg/afnan-supremacy-silver-edp-100ml,Carousell,2026-06-15,c43bc252a09a,100
Afnan Supremacy Silver EDP 100ml for Men,32.88,39,4.7,https://carousell.sg/afnan-supremacy-silver-edp-100ml,Carousell,2026-06-22,c43bc252a09a,100
Afnan Supremacy Silver EDP 100ml for Men,32.86,38,4.7,https://carousell.sg/afnan-supremacy-silver-edp-100ml,Carousell,2026-06-29,c43bc252a09a,100
Afnan Supremacy Noir EDP 100ml for Men,39.35,9,4.74,https://lazada.sg/afnan-supremacy-noir-edp-100ml,Lazada,2026-06-08,320d5e3f580c,100
Afnan Supremacy Noir EDP 100ml for Men,36.68,7,4.74,https://lazada.sg/afnan-supremacy-noir-edp-100ml,Lazada,2026-06-15,320d5e3f580c,100
Afnan Supremacy Noir EDP 100ml for Men,36.71,6,4.74,https://lazada.sg/afnan-supremacy-noir-edp-100ml,Lazada,2026-06-22,320d5e3f580c,100
Afnan Supremacy Noir EDP 100ml for Men,38.6,8,4.74,https://lazada.sg/afnan-supremacy-noir-edp-100ml,Lazada,2026-06-29,320d5e3f580c,100
Afnan Supremacy Noir EDP 100ml [SG Stock],36.95,23,4.79,https://shopee.sg/afnan-supremacy-noir-edp-100ml,Shopee,2026-06-08,320d5e3f580c,100
Afnan Supremacy Noir EDP 100ml [SG Stock],34.96,18,4.79,https://shopee.sg/afnan-supremacy-noir-edp-100ml,Shopee,2026-06-15,320d5e3f580c,100
Afnan Supremacy Noir EDP 100ml [SG Stock],36.61,24,4.79,https://shopee.sg/afnan-supremacy-noir-edp-100ml,Shopee,2026-06-22,320d5e3f580c,100
Afnan Supremacy Noir EDP 100ml [SG Stock],34.84,21,4.79,https://shopee.sg/afnan-supremacy-noir-edp-100ml,Shopee,2026-06-29,320d5e3f580c,100
Afnan Ornament Pour Femme EDP 100ml [SG Stock],35.73,18,4.42,https://shopee.sg/afnan-ornament-pour-femme-edp-100ml,Shopee,2026-06-08,e342042fcf1e,100
Afnan Ornament Pour Femme EDP 100ml [SG Stock],36.23,19,4.42,https://shopee.sg/afnan-ornament-pour-femme-edp-100ml,Shopee,2026-06-15,e342042fcf1e,100
Afnan Ornament Pour Femme EDP 100ml [SG Stock],36.24,19,4.42,https://shopee.sg/afnan-ornament-pour-femme-edp-100ml,Shopee,2026-06-22,e342042fcf1e,100
Afnan Ornament Pour Femme EDP 100ml [SG Stock],35.5,20,4.42,https://shopee.sg/afnan-ornament-pour-femme-edp-100ml,Shopee,2026-06-29,e342042fcf1e,100
Afnan Inara White EDP 100ml Authentic,33.0,25,4.67,https://shopee.sg/afnan-inara-white-edp-100ml,Shopee,2026-06-08,f5833c8b842f,100
Afnan Inara White EDP 100ml Authentic,31.7,20,4.67,https://shopee.sg/afnan-inara-white-edp-100ml,Shopee,2026-06-15,f5833c8b842f,100
Afnan Inara White EDP 100ml Authentic,31.29,21,4.67,https://shopee.sg/afnan-inara-white-edp-100ml,Shopee,2026-06-22,f5833c8b842f,100
Afnan Inara White EDP 100ml Authentic,33.49,22,4.67,https://shopee.sg/afnan-inara-white-edp-100ml,Shopee,2026-06-29,f5833c8b842f,100
Afnan Inara White EDP 100ml for Men,31.61,22,4.41,https://carousell.sg/afnan-inara-white-edp-100ml,Carousell,2026-06-08,f5833c8b842f,100
Afnan Inara White EDP 100ml for Men,29.72,21,4.41,https://carousell.sg/afnan-inara-white-edp-100ml,Carousell,2026-06-15,f5833c8b842f,100
Afnan Inara White EDP 100ml for Men,29.56,20,4.41,https://carousell.sg/afnan-inara-white-edp-100ml,Carousell,2026-06-22,f5833c8b842f,100
Afnan Inara White EDP 100ml for Men,29.44,22,4.41,https://carousell.sg/afnan-inara-white-edp-100ml,Carousell,2026-06-29,f5833c8b842f,100
Afnan Inara White EDP 100ml for Men,33.62,34,4.37,https://lazada.sg/afnan-inara-white-edp-100ml,Lazada,2026-06-08,f5833c8b842f,100
Afnan Inara White EDP 100ml for Men,34.51,29,4.37,https://lazada.sg/afnan-inara-white-edp-100ml,Lazada,2026-06-15,f5833c8b842f,100
Afnan Inara White EDP 100ml for Men,33.25,33,4.37,https://lazada.sg/afnan-inara-white-edp-100ml,Lazada,2026-06-22,f5833c8b842f,100
Afnan Inara White EDP 100ml for Men,33.12,26,4.37,https://lazada.sg/afnan-inara-white-edp-100ml,Lazada,2026-06-29,f5833c8b842f,100
Afnan Turathi Blue EDP 90ml Ready Stock,39.73,96,4.34,https://shopee.sg/afnan-turathi-blue-edp-90ml,Shopee,2026-06-08,cc4067080c1d,100
Afnan Turathi Blue EDP 90ml Ready Stock,41.49,102,4.34,https://shopee.sg/afnan-turathi-blue-edp-90ml,Shopee,2026-06-15,cc4067080c1d,100
Afnan Turathi Blue EDP 90ml Ready Stock,40.5,125,4.34,https://shopee.sg/afnan-turathi-blue-edp-90ml,Shopee,2026-06-22,cc4067080c1d,100
Afnan Turathi Blue EDP 90ml Ready Stock,41.2,109,4.34,https://shopee.sg/afnan-turathi-blue-edp-90ml,Shopee,2026-06-29,cc4067080c1d,100
Afnan Turathi Blue EDP 90ml Ready Stock,42.9,57,4.48,https://lazada.sg/afnan-turathi-blue-edp-90ml,Lazada,2026-06-08,cc4067080c1d,100
Afnan Turathi Blue EDP 90ml Ready Stock,43.66,56,4.48,https://lazada.sg/afnan-turathi-blue-edp-90ml,Lazada,2026-06-15,cc4067080c1d,100
Afnan Turathi Blue EDP 90ml Ready Stock,41.26,52,4.48,https://lazada.sg/afnan-turathi-blue-edp-90ml,Lazada,2026-06-22,cc4067080c1d,100
Afnan Turathi Blue EDP 90ml Ready Stock,40.98,54,4.48,https://lazada.sg/afnan-turathi-blue-edp-90ml,Lazada,2026-06-29,cc4067080c1d,100
Afnan Turathi Blue EDP 90ml [SG Stock],38.08,97,4.86,https://carousell.sg/afnan-turathi-blue-edp-90ml,Carousell,2026-06-08,cc4067080c1d,100
Afnan Turathi Blue EDP 90ml [SG Stock],39.68,100,4.86,https://carousell.sg/afnan-turathi-blue-edp-90ml,Carousell,2026-06-15,cc4067080c1d,100
Afnan Turathi Blue EDP 90ml [SG Stock],36.89,107,4.86,https://carousell.sg/afnan-turathi-blue-edp-90ml,Carousell,2026-06-22,cc4067080c1d,100
Afnan Turathi Blue EDP 90ml [SG Stock],36.97,117,4.86,https://carousell.sg/afnan-turathi-blue-edp-90ml,Carousell,2026-06-29,cc4067080c1d,100
Armaf Club De Nuit Intense Man EDT 105ml,46.79,387,4.41,https://shopee.sg/armaf-club-de-nuit-intense-man-edt-105ml,Shopee,2026-06-08,7f15f3a0f044,100
Armaf Club De Nuit Intense Man EDT 105ml,47.35,330,4.41,https://shopee.sg/armaf-club-de-nuit-intense-man-edt-105ml,Shopee,2026-06-15,7f15f3a0f044,100
Armaf Club De Nuit Intense Man EDT 105ml,48.07,347,4.41,https://shopee.sg/armaf-club-de-nuit-intense-man-edt-105ml,Shopee,2026-06-22,7f15f3a0f044,100
Armaf Club De Nuit Intense Man EDT 105ml,46.57,303,4.41,https://shopee.sg/armaf-club-de-nuit-intense-man-edt-105ml,Shopee,2026-06-29,7f15f3a0f044,100
Armaf Club De Nuit Intense Man EDT 105ml Ready Stock,50.94,235,4.1,https://lazada.sg/armaf-club-de-nuit-intense-man-edt-105ml,Lazada,2026-06-08,7f15f3a0f044,100
Armaf Club De Nuit Intense Man EDT 105ml Ready Stock,50.23,229,4.1,https://lazada.sg/armaf-club-de-nuit-intense-man-edt-105ml,Lazada,2026-06-15,7f15f3a0f044,100
Armaf Club De Nuit Intense Man EDT 105ml Ready Stock,52.04,268,4.1,https://lazada.sg/armaf-club-de-nuit-intense-man-edt-105ml,Lazada,2026-06-22,7f15f3a0f044,100
Armaf Club De Nuit Intense Man EDT 105ml Ready Stock,49.94,219,4.1,https://lazada.sg/armaf-club-de-nuit-intense-man-edt-105ml,Lazada,2026-06-29,7f15f3a0f044,100
Armaf Club De Nuit Sillage EDP 105ml [SG Stock],54.31,42,4.28,https://shopee.sg/armaf-club-de-nuit-sillage-edp-105ml,Shopee,2026-06-08,66725353d4ef,100
Armaf Club De Nuit Sillage EDP 105ml [SG Stock],52.36,56,4.28,https://shopee.sg/armaf-club-de-nuit-sillage-edp-105ml,Shopee,2026-06-15,66725353d4ef,100
Armaf Club De Nuit Sillage EDP 105ml [SG Stock],51.07,42,4.28,https://shopee.sg/armaf-club-de-nuit-sillage-edp-105ml,Shopee,2026-06-22,66725353d4ef,100
Armaf Club De Nuit Sillage EDP 105ml [SG Stock],51.01,60,4.28,https://shopee.sg/armaf-club-de-nuit-sillage-edp-105ml,Shopee,2026-06-29,66725353d4ef,100
Armaf Club De Nuit Sillage EDP 105ml Ready Stock,53.1,50,4.11,https://lazada.sg/armaf-club-de-nuit-sillage-edp-105ml,Lazada,2026-06-08,66725353d4ef,100
Armaf Club De Nuit Sillage EDP 105ml Ready Stock,55.67,53,4.11,https://lazada.sg/armaf-club-de-nuit-sillage-edp-105ml,Lazada,2026-06-15,66725353d4ef,100
Armaf Club De Nuit Sillage EDP 105ml Ready Stock,55.45,62,4.11,https://lazada.sg/armaf-club-de-nuit-sillage-edp-105ml,Lazada,2026-06-22,66725353d4ef,100
Armaf Club De Nuit Sillage EDP 105ml Ready Stock,56.67,48,4.11,https://lazada.sg/armaf-club-de-nuit-sillage-edp-105ml,Lazada,2026-06-29,66725353d4ef,100
Armaf Club De Nuit Intense Woman EDP 105ml for Men,44.01,89,4.23,https://carousell.sg/armaf-club-de-nuit-intense-woman-edp-105ml,Carousell,2026-06-08,0631906d55e7,100
Armaf Club De Nuit Intense Woman EDP 105ml for Men,42.24,91,4.23,https://carousell.sg/armaf-club-de-nuit-intense-woman-edp-105ml,Carousell,2026-06-15,0631906d55e7,100
Armaf Club De Nuit Intense Woman EDP 105ml for Men,42.93,81,4.23,https://carousell.sg/armaf-club-de-nuit-intense-woman-edp-105ml,Carousell,2026-06-22,0631906d55e7,100
Armaf Club De Nuit Intense Woman EDP 105ml for Men,44.74,73,4.23,https://carousell.sg/armaf-club-de-nuit-intense-woman-edp-105ml,Carousell,2026-06-29,0631906d55e7,100
Armaf Tres Nuit EDT 100ml for Men,31.14,83,4.43,https://shopee.sg/armaf-tres-nuit-edt-100ml,Shopee,2026-06-08,07cb36dca443,100
Armaf Tres Nuit EDT 100ml for Men,31.83,83,4.43,https://shopee.sg/armaf-tres-nuit-edt-100ml,Shopee,2026-06-15,07cb36dca443,100
Armaf Tres Nuit EDT 100ml for Men,31.37,112,4.43,https://shopee.sg/armaf-tres-nuit-edt-100ml,Shopee,2026-06-22,07cb36dca443,100
Armaf Tres Nuit EDT 100ml for Men,32.75,112,4.43,https://shopee.sg/armaf-tres-nuit-edt-100ml,Shopee,2026-06-29,07cb36dca443,100
Armaf Tres Nuit EDT 100ml,34.08,49,4.35,https://lazada.sg/armaf-tres-nuit-edt-100ml,Lazada,2026-06-08,07cb36dca443,100
Armaf Tres Nuit EDT 100ml,32.88,62,4.35,https://lazada.sg/armaf-tres-nuit-edt-100ml,Lazada,2026-06-15,07cb36dca443,100
Armaf Tres Nuit EDT 100ml,32.95,58,4.35,https://lazada.sg/armaf-tres-nuit-edt-100ml,Lazada,2026-06-22,07cb36dca443,100
Armaf Tres Nuit EDT 100ml,35.15,46,4.35,https://lazada.sg/armaf-tres-nuit-edt-100ml,Lazada,2026-06-29,07cb36dca443,100
Armaf Tres Nuit EDT 100ml for Men,30.81,93,4.11,https://carousell.sg/armaf-tres-nuit-edt-100ml,Carousell,2026-06-08,07cb36dca443,100
Armaf Tres Nuit EDT 100ml for Men,31.57,126,4.11,https://carousell.sg/armaf-tres-nuit-edt-100ml,Carousell,2026-06-15,07cb36dca443,100
Armaf Tres Nuit EDT 100ml for Men,30.7,115,4.11,https://carousell.sg/armaf-tres-nuit-edt-100ml,Carousell,2026-06-22,07cb36dca443,100
Armaf Tres Nuit EDT 100ml for Men,30.06,90,4.11,https://carousell.sg/armaf-tres-nuit-edt-100ml,Carousell,2026-06-29,07cb36dca443,100
Armaf Radical Blue EDT 100ml,31.03,54,4.58,https://lazada.sg/armaf-radical-blue-edt-100ml,Lazada,2026-06-08,0cea64191aee,100
Armaf Radical Blue EDT 100ml,31.09,49,4.58,https://lazada.sg/armaf-radical-blue-edt-100ml,Lazada,2026-06-15,0cea64191aee,100
Armaf Radical Blue EDT 100ml,31.84,45,4.58,https://lazada.sg/armaf-radical-blue-edt-100ml,Lazada,2026-06-22,0cea64191aee,100
Armaf Radical Blue EDT 100ml,32.16,51,4.58,https://lazada.sg/armaf-radical-blue-edt-100ml,Lazada,2026-06-29,0cea64191aee,100
Armaf Radical Blue EDT 100ml for Men,31.36,95,4.71,https://shopee.sg/armaf-radical-blue-edt-100ml,Shopee,2026-06-08,0cea64191aee,100
Armaf Radical Blue EDT 100ml for Men,30.23,79,4.71,https://shopee.sg/armaf-radical-blue-edt-100ml,Shopee,2026-06-15,0cea64191aee,100
Armaf Radical Blue EDT 100ml for Men,30.91,99,4.71,https://shopee.sg/armaf-radical-blue-edt-100ml,Shopee,2026-06-22,0cea64191aee,100
Armaf Radical Blue EDT 100ml for Men,29.98,82,4.71,https://shopee.sg/armaf-radical-blue-edt-100ml,Shopee,2026-06-29,0cea64191aee,100
Armaf Radical Blue EDT 100ml Ready Stock,29.1,85,4.42,https://carousell.sg/armaf-radical-blue-edt-100ml,Carousell,2026-06-08,0cea64191aee,100
Armaf Radical Blue EDT 100ml Ready Stock,29.74,87,4.42,https://carousell.sg/armaf-radical-blue-edt-100ml,Carousell,2026-06-15,0cea64191aee,100
Armaf Radical Blue EDT 100ml Ready Stock,28.01,114,4.42,https://carousell.sg/armaf-radical-blue-edt-100ml,Carousell,2026-06-22,0cea64191aee,100
Armaf Radical Blue EDT 100ml Ready Stock,29.63,88,4.42,https://carousell.sg/armaf-radical-blue-edt-100ml,Carousell,2026-06-29,0cea64191aee,100
Armaf Venetian Nights EDP 100ml Authentic,45.39,16,4.4,https://lazada.sg/armaf-venetian-nights-edp-100ml,Lazada,2026-06-08,c399382af55a,100
Armaf Venetian Nights EDP 100ml Authentic,45.54,15,4.4,https://lazada.sg/armaf-venetian-nights-edp-100ml,Lazada,2026-06-15,c399382af55a,100
Armaf Venetian Nights EDP 100ml Authentic,43.15,17,4.4,https://lazada.sg/armaf-venetian-nights-edp-100ml,Lazada,2026-06-22,c399382af55a,100
Armaf Venetian Nights EDP 100ml Authentic,45.83,16,4.4,https://lazada.sg/armaf-venetian-nights-edp-100ml,Lazada,2026-06-29,c399382af55a,100
Armaf Venetian Nights EDP 100ml,41.08,12,4.18,https://carousell.sg/armaf-venetian-nights-edp-100ml,Carousell,2026-06-08,c399382af55a,100
Armaf Venetian Nights EDP 100ml,41.83,15,4.18,https://carousell.sg/armaf-venetian-nights-edp-100ml,Carousell,2026-06-15,c399382af55a,100
Armaf Venetian Nights EDP 100ml,41.0,18,4.18,https://carousell.sg/armaf-venetian-nights-edp-100ml,Carousell,2026-06-22,c399382af55a,100
Armaf Venetian Nights EDP 100ml,39.96,14,4.18,https://carousell.sg/armaf-venetian-nights-edp-100ml,Carousell,2026-06-29,c399382af55a,100
Armaf Tag Him EDT 100ml for Men,34.1,21,4.43,https://lazada.sg/armaf-tag-him-edt-100ml,Lazada,2026-06-08,19789952834e,100
Armaf Tag Him EDT 100ml for Men,33.74,15,4.43,https://lazada.sg/armaf-tag-him-edt-100ml,Lazada,2026-06-15,19789952834e,100
Armaf Tag Him EDT 100ml for Men,33.5,17,4.43,https://lazada.sg/armaf-tag-him-edt-100ml,Lazada,2026-06-22,19789952834e,100
Armaf Tag Him EDT 100ml for Men,32.84,15,4.43,https://lazada.sg/armaf-tag-him-edt-100ml,Lazada,2026-06-29,19789952834e,100
Armaf Odyssey Mandarin Sky EDP 100ml [SG Stock],44.01,23,4.86,https://shopee.sg/armaf-odyssey-mandarin-sky-edp-100ml,Shopee,2026-06-08,b3903433bc54,100
Armaf Odyssey Mandarin Sky EDP 100ml [SG Stock],46.82,19,4.86,https://shopee.sg/armaf-odyssey-mandarin-sky-edp-100ml,Shopee,2026-06-15,b3903433bc54,100
Armaf Odyssey Mandarin Sky EDP 100ml [SG Stock],44.38,18,4.86,https://shopee.sg/armaf-odyssey-mandarin-sky-edp-100ml,Shopee,2026-06-22,b3903433bc54,100
Armaf Odyssey Mandarin Sky EDP 100ml [SG Stock],45.53,20,4.86,https://shopee.sg/armaf-odyssey-mandarin-sky-edp-100ml,Shopee,2026-06-29,b3903433bc54,100
Ajmal Amber Wood EDP 100ml,93.16,43,4.49,https://shopee.sg/ajmal-amber-wood-edp-100ml,Shopee,2026-06-08,fe999c342972,100
Ajmal Amber Wood EDP 100ml,89.86,34,4.49,https://shopee.sg/ajmal-amber-wood-edp-100ml,Shopee,2026-06-15,fe999c342972,100
Ajmal Amber Wood EDP 100ml,88.13,37,4.49,https://shopee.sg/ajmal-amber-wood-edp-100ml,Shopee,2026-06-22,fe999c342972,100
Ajmal Amber Wood EDP 100ml,91.78,47,4.49,https://shopee.sg/ajmal-amber-wood-edp-100ml,Shopee,2026-06-29,fe999c342972,100
Ajmal Aristocrat EDP 75ml Authentic,61.12,29,4.54,https://carousell.sg/ajmal-aristocrat-edp-75ml,Carousell,2026-06-08,d66419b67a0e,100
Ajmal Aristocrat EDP 75ml Authentic,59.69,24,4.54,https://carousell.sg/ajmal-aristocrat-edp-75ml,Carousell,2026-06-15,d66419b67a0e,100
Ajmal Aristocrat EDP 75ml Authentic,58.33,24,4.54,https://carousell.sg/ajmal-aristocrat-edp-75ml,Carousell,2026-06-22,d66419b67a0e,100
Ajmal Aristocrat EDP 75ml Authentic,61.15,28,4.54,https://carousell.sg/ajmal-aristocrat-edp-75ml,Carousell,2026-06-29,d66419b67a0e,100
Ajmal Aristocrat EDP 75ml [SG Stock],61.98,3,4.69,https://shopee.sg/ajmal-aristocrat-edp-75ml,Shopee,2026-06-08,d66419b67a0e,100
Ajmal Aristocrat EDP 75ml [SG Stock],63.91,4,4.69,https://shopee.sg/ajmal-aristocrat-edp-75ml,Shopee,2026-06-15,d66419b67a0e,100
Ajmal Aristocrat EDP 75ml [SG Stock],61.17,4,4.69,https://shopee.sg/ajmal-aristocrat-edp-75ml,Shopee,2026-06-22,d66419b67a0e,100
Ajmal Aristocrat EDP 75ml [SG Stock],60.74,4,4.69,https://shopee.sg/ajmal-aristocrat-edp-75ml,Shopee,2026-06-29,d66419b67a0e,100
Ajmal Aristocrat EDP 75ml Authentic,67.56,8,4.18,https://lazada.sg/ajmal-aristocrat-edp-75ml,Lazada,2026-06-08,d66419b67a0e,100
Ajmal Aristocrat EDP 75ml Authentic,65.3,9,4.18,https://lazada.sg/ajmal-aristocrat-edp-75ml,Lazada,2026-06-15,d66419b67a0e,100
Ajmal Aristocrat EDP 75ml Authentic,64.42,10,4.18,https://lazada.sg/ajmal-aristocrat-edp-75ml,Lazada,2026-06-22,d66419b67a0e,100
Ajmal Aristocrat EDP 75ml Authentic,67.58,11,4.18,https://lazada.sg/ajmal-aristocrat-edp-75ml,Lazada,2026-06-29,d66419b67a0e,100
Ajmal Wisal Dhahab EDP 50ml for Men,47.5,14,4.3,https://shopee.sg/ajmal-wisal-dhahab-edp-50ml,Shopee,2026-06-08,a2b99b7b06e7,100
Ajmal Wisal Dhahab EDP 50ml for Men,50.17,19,4.3,https://shopee.sg/ajmal-wisal-dhahab-edp-50ml,Shopee,2026-06-15,a2b99b7b06e7,100
Ajmal Wisal Dhahab EDP 50ml for Men,49.55,17,4.3,https://shopee.sg/ajmal-wisal-dhahab-edp-50ml,Shopee,2026-06-22,a2b99b7b06e7,100
Ajmal Wisal Dhahab EDP 50ml for Men,48.44,17,4.3,https://shopee.sg/ajmal-wisal-dhahab-edp-50ml,Shopee,2026-06-29,a2b99b7b06e7,100
Ajmal Sacrifice II EDP 90ml,56.5,14,4.86,https://shopee.sg/ajmal-sacrifice-ii-edp-90ml,Shopee,2026-06-08,9ab33c5206ac,100
Ajmal Sacrifice II EDP 90ml,54.78,15,4.86,https://shopee.sg/ajmal-sacrifice-ii-edp-90ml,Shopee,2026-06-15,9ab33c5206ac,100
Ajmal Sacrifice II EDP 90ml,53.47,13,4.86,https://shopee.sg/ajmal-sacrifice-ii-edp-90ml,Shopee,2026-06-22,9ab33c5206ac,100
Ajmal Sacrifice II EDP 90ml,52.89,19,4.86,https://shopee.sg/ajmal-sacrifice-ii-edp-90ml,Shopee,2026-06-29,9ab33c5206ac,100
Ajmal Sacrifice II EDP 90ml Ready Stock,57.11,14,4.36,https://lazada.sg/ajmal-sacrifice-ii-edp-90ml,Lazada,2026-06-08,9ab33c5206ac,100
Ajmal Sacrifice II EDP 90ml Ready Stock,57.41,13,4.36,https://lazada.sg/ajmal-sacrifice-ii-edp-90ml,Lazada,2026-06-15,9ab33c5206ac,100
Ajmal Sacrifice II EDP 90ml Ready Stock,59.48,16,4.36,https://lazada.sg/ajmal-sacrifice-ii-edp-90ml,Lazada,2026-06-22,9ab33c5206ac,100
Ajmal Sacrifice II EDP 90ml Ready Stock,58.36,14,4.36,https://lazada.sg/ajmal-sacrifice-ii-edp-90ml,Lazada,2026-06-29,9ab33c5206ac,100
Ajmal Evoke Gold EDP 75ml Authentic,51.86,23,4.14,https://shopee.sg/ajmal-evoke-gold-edp-75ml,Shopee,2026-06-08,23dda60fd588,100
Ajmal Evoke Gold EDP 75ml Authentic,53.03,23,4.14,https://shopee.sg/ajmal-evoke-gold-edp-75ml,Shopee,2026-06-15,23dda60fd588,100
Ajmal Evoke Gold EDP 75ml Authentic,53.74,18,4.14,https://shopee.sg/ajmal-evoke-gold-edp-75ml,Shopee,2026-06-22,23dda60fd588,100
Ajmal Evoke Gold EDP 75ml Authentic,54.28,20,4.14,https://shopee.sg/ajmal-evoke-gold-edp-75ml,Shopee,2026-06-29,23dda60fd588,100
Ajmal Evoke Gold EDP 75ml for Men,51.84,9,4.1,https://carousell.sg/ajmal-evoke-gold-edp-75ml,Carousell,2026-06-08,23dda60fd588,100
Ajmal Evoke Gold EDP 75ml for Men,48.16,9,4.1,https://carousell.sg/ajmal-evoke-gold-edp-75ml,Carousell,2026-06-15,23dda60fd588,100
Ajmal Evoke Gold EDP 75ml for Men,48.43,8,4.1,https://carousell.sg/ajmal-evoke-gold-edp-75ml,Carousell,2026-06-22,23dda60fd588,100
Ajmal Evoke Gold EDP 75ml for Men,50.42,9,4.1,https://carousell.sg/ajmal-evoke-gold-edp-75ml,Carousell,2026-06-29,23dda60fd588,100
Al Haramain Amber Oud Gold Edition EDP 60ml [SG Stock],79.78,394,4.68,https://shopee.sg/al-haramain-amber-oud-gold-edition-edp-60ml,Shopee,2026-06-08,ecdc6aacf37b,100
Al Haramain Amber Oud Gold Edition EDP 60ml [SG Stock],78.61,447,4.68,https://shopee.sg/al-haramain-amber-oud-gold-edition-edp-60ml,Shopee,2026-06-15,ecdc6aacf37b,100
Al Haramain Amber Oud Gold Edition EDP 60ml [SG Stock],77.8,330,4.68,https://shopee.sg/al-haramain-amber-oud-gold-edition-edp-60ml,Shopee,2026-06-22,ecdc6aacf37b,100
Al Haramain Amber Oud Gold Edition EDP 60ml [SG Stock],79.89,431,4.68,https://shopee.sg/al-haramain-amber-oud-gold-edition-edp-60ml,Shopee,2026-06-29,ecdc6aacf37b,100
Al Haramain L'Aventure EDP 100ml [SG Stock],50.52,103,4.89,https://shopee.sg/al-haramain-laventure-edp-100ml,Shopee,2026-06-08,db478b6cce1e,93
Al Haramain L'Aventure EDP 100ml [SG Stock],49.61,114,4.89,https://shopee.sg/al-haramain-laventure-edp-100ml,Shopee,2026-06-15,db478b6cce1e,93
Al Haramain L'Aventure EDP 100ml [SG Stock],49.87,106,4.89,https://shopee.sg/al-haramain-laventure-edp-100ml,Shopee,2026-06-22,db478b6cce1e,93
Al Haramain L'Aventure EDP 100ml [SG Stock],50.01,99,4.89,https://shopee.sg/al-haramain-laventure-edp-100ml,Shopee,2026-06-29,db478b6cce1e,93
Al Haramain L'Aventure EDP 100ml [SG Stock],49.42,41,4.51,https://carousell.sg/al-haramain-laventure-edp-100ml,Carousell,2026-06-08,db478b6cce1e,93
Al Haramain L'Aventure EDP 100ml [SG Stock],48.44,40,4.51,https://carousell.sg/al-haramain-laventure-edp-100ml,Carousell,2026-06-15,db478b6cce1e,93
Al Haramain L'Aventure EDP 100ml [SG Stock],47.53,41,4.51,https://carousell.sg/al-haramain-laventure-edp-100ml,Carousell,2026-06-22,db478b6cce1e,93
Al Haramain L'Aventure EDP 100ml [SG Stock],46.46,35,4.51,https://carousell.sg/al-haramain-laventure-edp-100ml,Carousell,2026-06-29,db478b6cce1e,93
Al Haramain Detour Noir EDP 100ml Original,48.11,18,4.63,https://lazada.sg/al-haramain-detour-noir-edp-100ml,Lazada,2026-06-08,b434c86483d6,100
Al Haramain Detour Noir EDP 100ml Original,49.86,24,4.63,https://lazada.sg/al-haramain-detour-noir-edp-100ml,Lazada,2026-06-15,b434c86483d6,100
Al Haramain Detour Noir EDP 100ml Original,47.8,22,4.63,https://lazada.sg/al-haramain-detour-noir-edp-100ml,Lazada,2026-06-22,b434c86483d6,100
Al Haramain Detour Noir EDP 100ml Original,47.35,19,4.63,https://lazada.sg/al-haramain-detour-noir-edp-100ml,Lazada,2026-06-29,b434c86483d6,100
Al Haramain Amber Oud Blue Edition EDP 60ml Original,79.25,48,4.64,https://shopee.sg/al-haramain-amber-oud-blue-edition-edp-60ml,Shopee,2026-06-08,ca2c443cde4a,100
Al Haramain Amber Oud Blue Edition EDP 60ml Original,77.02,59,4.64,https://shopee.sg/al-haramain-amber-oud-blue-edition-edp-60ml,Shopee,2026-06-15,ca2c443cde4a,100
Al Haramain Amber Oud Blue Edition EDP 60ml Original,79.51,57,4.64,https://shopee.sg/al-haramain-amber-oud-blue-edition-edp-60ml,Shopee,2026-06-22,ca2c443cde4a,100
Al Haramain Amber Oud Blue Edition EDP 60ml Original,75.27,57,4.64,https://shopee.sg/al-haramain-amber-oud-blue-edition-edp-60ml,Shopee,2026-06-29,ca2c443cde4a,100
Swiss Arabian Shaghaf Oud EDP 75ml Authentic,59.09,56,4.42,https://carousell.sg/swiss-arabian-shaghaf-oud-edp-75ml,Carousell,2026-06-08,479cc819f20f,100
Swiss Arabian Shaghaf Oud EDP 75ml Authentic,63.23,61,4.42,https://carousell.sg/swiss-arabian-shaghaf-oud-edp-75ml,Carousell,2026-06-15,479cc819f20f,100
Swiss Arabian Shaghaf Oud EDP 75ml Authentic,61.14,69,4.42,https://carousell.sg/swiss-arabian-shaghaf-oud-edp-75ml,Carousell,2026-06-22,479cc819f20f,100
Swiss Arabian Shaghaf Oud EDP 75ml Authentic,63.13,54,4.42,https://carousell.sg/swiss-arabian-shaghaf-oud-edp-75ml,Carousell,2026-06-29,479cc819f20f,100
Swiss Arabian Layali EDP 100ml Original,30.17,28,4.83,https://shopee.sg/swiss-arabian-layali-edp-100ml,Shopee,2026-06-08,441cd534f736,100
Swiss Arabian Layali EDP 100ml Original,30.29,27,4.83,https://shopee.sg/swiss-arabian-layali-edp-100ml,Shopee,2026-06-15,441cd534f736,100
Swiss Arabian Layali EDP 100ml Original,29.8,27,4.83,https://shopee.sg/swiss-arabian-layali-edp-100ml,Shopee,2026-06-22,441cd534f736,100
Swiss Arabian Layali EDP 100ml Original,29.14,24,4.83,https://shopee.sg/swiss-arabian-layali-edp-100ml,Shopee,2026-06-29,441cd534f736,100
Swiss Arabian Layali EDP 100ml Original,30.14,19,4.62,https://lazada.sg/swiss-arabian-layali-edp-100ml,Lazada,2026-06-08,441cd534f736,100
Swiss Arabian Layali EDP 100ml Original,30.86,21,4.62,https://lazada.sg/swiss-arabian-layali-edp-100ml,Lazada,2026-06-15,441cd534f736,100
Swiss Arabian Layali EDP 100ml Original,29.97,24,4.62,https://lazada.sg/swiss-arabian-layali-edp-100ml,Lazada,2026-06-22,441cd534f736,100
Swiss Arabian Layali EDP 100ml Original,31.52,19,4.62,https://lazada.sg/swiss-arabian-layali-edp-100ml,Lazada,2026-06-29,441cd534f736,100
Swiss Arabian Layali EDP 100ml,28.38,13,4.37,https://carousell.sg/swiss-arabian-layali-edp-100ml,Carousell,2026-06-08,441cd534f736,100
Swiss Arabian Layali EDP 100ml,26.94,13,4.37,https://carousell.sg/swiss-arabian-layali-edp-100ml,Carousell,2026-06-15,441cd534f736,100
Swiss Arabian Layali EDP 100ml,26.89,11,4.37,https://carousell.sg/swiss-arabian-layali-edp-100ml,Carousell,2026-06-22,441cd534f736,100
Swiss Arabian Layali EDP 100ml,28.82,10,4.37,https://carousell.sg/swiss-arabian-layali-edp-100ml,Carousell,2026-06-29,441cd534f736,100
Swiss Arabian Casablanca EDP 100ml for Men,35.32,6,4.88,https://shopee.sg/swiss-arabian-casablanca-edp-100ml,Shopee,2026-06-08,7bbdc0f3d1fd,100
Swiss Arabian Casablanca EDP 100ml for Men,35.7,6,4.88,https://shopee.sg/swiss-arabian-casablanca-edp-100ml,Shopee,2026-06-15,7bbdc0f3d1fd,100
Swiss Arabian Casablanca EDP 100ml for Men,36.83,5,4.88,https://shopee.sg/swiss-arabian-casablanca-edp-100ml,Shopee,2026-06-22,7bbdc0f3d1fd,100
Swiss Arabian Casablanca EDP 100ml for Men,37.32,5,4.88,https://shopee.sg/swiss-arabian-casablanca-edp-100ml,Shopee,2026-06-29,7bbdc0f3d1fd,100
Swiss Arabian Casablanca EDP 100ml for Men,38.18,4,4.44,https://lazada.sg/swiss-arabian-casablanca-edp-100ml,Lazada,2026-06-08,7bbdc0f3d1fd,100
Swiss Arabian Casablanca EDP 100ml for Men,38.64,4,4.44,https://lazada.sg/swiss-arabian-casablanca-edp-100ml,Lazada,2026-06-15,7bbdc0f3d1fd,100
Swiss Arabian Casablanca EDP 100ml for Men,39.69,4,4.44,https://lazada.sg/swiss-arabian-casablanca-edp-100ml,Lazada,2026-06-22,7bbdc0f3d1fd,100
Swiss Arabian Casablanca EDP 100ml for Men,36.95,4,4.44,https://lazada.sg/swiss-arabian-casablanca-edp-100ml,Lazada,2026-06-29,7bbdc0f3d1fd,100
Swiss Arabian Casablanca EDP 100ml Original,34.44,17,4.88,https://carousell.sg/swiss-arabian-casablanca-edp-100ml,Carousell,2026-06-08,7bbdc0f3d1fd,100
Swiss Arabian Casablanca EDP 100ml Original,33.31,19,4.88,https://carousell.sg/swiss-arabian-casablanca-edp-100ml,Carousell,2026-06-15,7bbdc0f3d1fd,100
Swiss Arabian Casablanca EDP 100ml Original,34.14,20,4.88,https://carousell.sg/swiss-arabian-casablanca-edp-100ml,Carousell,2026-06-22,7bbdc0f3d1fd,100
Swiss Arabian Casablanca EDP 100ml Original,35.45,20,4.88,https://carousell.sg/swiss-arabian-casablanca-edp-100ml,Carousell,2026-06-29,7bbdc0f3d1fd,100
Nabeel Black EDP 100ml Original,31.02,12,4.7,https://shopee.sg/nabeel-black-edp-100ml,Shopee,2026-06-08,67daecaaea52,100
Nabeel Black EDP 100ml Original,31.24,11,4.7,https://shopee.sg/nabeel-black-edp-100ml,Shopee,2026-06-15,67daecaaea52,100
Nabeel Black EDP 100ml Original,31.21,10,4.7,https://shopee.sg/nabeel-black-edp-100ml,Shopee,2026-06-22,67daecaaea52,100
Nabeel Black EDP 100ml Original,29.47,13,4.7,https://shopee.sg/nabeel-black-edp-100ml,Shopee,2026-06-29,67daecaaea52,100
Nabeel Nasaem EDP 100ml,28.9,2,4.1,https://shopee.sg/nabeel-nasaem-edp-100ml,Shopee,2026-06-08,bce3d6f1915e,100
Nabeel Nasaem EDP 100ml,28.62,3,4.1,https://shopee.sg/nabeel-nasaem-edp-100ml,Shopee,2026-06-15,bce3d6f1915e,100
Nabeel Nasaem EDP 100ml,27.54,2,4.1,https://shopee.sg/nabeel-nasaem-edp-100ml,Shopee,2026-06-22,bce3d6f1915e,100
Nabeel Nasaem EDP 100ml,29.09,3,4.1,https://shopee.sg/nabeel-nasaem-edp-100ml,Shopee,2026-06-29,bce3d6f1915e,100
Latafa Khamrah EDP 100ml,47.5,25,4.6,https://shopee.sg/latafa-khamrah-misp,Shopee,2026-06-29,533d4f17db40,100
